{"cameraMode":{"drawMode":0,"name":"Shaded","section":"Shading Mode"},"sceneLighting":true,"audioPlay":false,"sceneViewState":{"m_AlwaysRefresh":false,"showFog":true,"showSkybox":true,"showFlares":true,"showImageEffects":true,"showParticleSystems":true,"showVisualEffectGraphs":true,"m_FxEnabled":true},"in2DMode":false,"pivot":{"x":-0.29886746406555178,"y":-0.10402226448059082,"z":-0.30730295181274416},"rotation":{"x":0.17714492976665498,"y":-0.3057873547077179,"z":0.05801672115921974,"w":0.9336748719215393},"size":0.9727887511253357,"orthographic":false}