{"cameraMode":{"drawMode":2,"name":"Shaded Wireframe","section":"Shading Mode"},"sceneLighting":true,"audioPlay":false,"sceneViewState":{"m_AlwaysRefresh":false,"showFog":true,"showSkybox":true,"showFlares":true,"showImageEffects":true,"showParticleSystems":true,"showVisualEffectGraphs":true,"m_FxEnabled":true},"in2DMode":false,"pivot":{"x":-1.0747151374816895,"y":0.9433561563491821,"z":1.0657939910888672},"rotation":{"x":-0.08109276741743088,"y":0.29083600640296938,"z":-0.024805670604109765,"w":-0.9530834555625916},"size":3.2660253047943117,"orthographic":false}